Token,File,Matrix,TimePeriod,,,
SOV_TIME,skm_auto_Pk.mtx.omx,ivt_GP,AM,,,
SOV_DIST,skm_auto_Pk.mtx.omx,dist_GP,AM,,,
SOV_BTOLL,skm_auto_Pk.mtx.omx,Fee_Tol_DA,AM,,,note: used this as it is all zeroes
HOV2_TIME,skm_auto_Pk.mtx.omx,ivt_HOV_S2,AM,,,
HOV2_DIST,skm_auto_Pk.mtx.omx,dist_HOV_S2,AM,,,
HOV2_BTOLL,skm_auto_Pk.mtx.omx,Fee_Tol_DA,AM,,,
HOV3_TIME,skm_auto_Pk.mtx.omx,ivt_HOV_S3,AM,,,
HOV3_DIST,skm_auto_Pk.mtx.omx,dist_HOV_S3,AM,,,
HOV3_BTOLL,skm_auto_Pk.mtx.omx,Fee_Tol_DA,AM,,,
SOVTOLL_TIME,skm_auto_Pk.mtx.omx,ivt_Tol_DA,AM,,,
SOVTOLL_DIST,skm_auto_Pk.mtx.omx,dist_Tol_DA,AM,,,
SOVTOLL_BTOLL,skm_auto_Pk.mtx.omx,Fee_Tol_DA,AM,,,
SOVTOLL_VTOLL,skm_auto_Pk.mtx.omx,Fee_Tol_DA,AM,,,
HOV2TOLL_TIME,skm_auto_Pk.mtx.omx,ivt_Tol_S2,AM,,,
HOV2TOLL_DIST,skm_auto_Pk.mtx.omx,dist_Tol_S2,AM,,,
HOV2TOLL_BTOLL,skm_auto_Pk.mtx.omx,Fee_Tol_DA,AM,,,
HOV2TOLL_VTOLL,skm_auto_Pk.mtx.omx,Fee_Tol_S2,AM,,,
HOV3TOLL_TIME,skm_auto_Pk.mtx.omx,ivt_Tol_S3,AM,,,
HOV3TOLL_DIST,skm_auto_Pk.mtx.omx,dist_Tol_S3,AM,,,
HOV3TOLL_BTOLL,skm_auto_Pk.mtx.omx,Fee_Tol_DA,AM,,,
HOV3TOLL_VTOLL,skm_auto_Pk.mtx.omx,Fee_Tol_S3,AM,,,
SOV_TIME,skm_auto_Ok.mtx.omx,ivt_GP,EA,,,
SOV_DIST,skm_auto_Ok.mtx.omx,dist_GP,EA,,,
SOV_BTOLL,skm_auto_Pk.mtx.omx,Fee_Tol_DA,EA,,,
HOV2_TIME,skm_auto_Ok.mtx.omx,ivt_HOV_S2,EA,,,
HOV2_DIST,skm_auto_Ok.mtx.omx,dist_HOV_S2,EA,,,
HOV2_BTOLL,skm_auto_Pk.mtx.omx,Fee_Tol_DA,EA,,,
HOV3_TIME,skm_auto_Ok.mtx.omx,ivt_HOV_S3,EA,,,
HOV3_DIST,skm_auto_Ok.mtx.omx,dist_HOV_S3,EA,,,
HOV3_BTOLL,skm_auto_Pk.mtx.omx,Fee_Tol_DA,EA,,,
SOVTOLL_TIME,skm_auto_Ok.mtx.omx,ivt_Tol_DA,EA,,,
SOVTOLL_DIST,skm_auto_Ok.mtx.omx,dist_Tol_DA,EA,,,
SOVTOLL_BTOLL,skm_auto_Pk.mtx.omx,Fee_Tol_DA,EA,,,
SOVTOLL_VTOLL,skm_auto_Ok.mtx.omx,Fee_Tol_DA,EA,,,
HOV2TOLL_TIME,skm_auto_Ok.mtx.omx,ivt_Tol_S2,EA,,,
HOV2TOLL_DIST,skm_auto_Ok.mtx.omx,dist_Tol_S2,EA,,,
HOV2TOLL_BTOLL,skm_auto_Pk.mtx.omx,Fee_Tol_DA,EA,,,
HOV2TOLL_VTOLL,skm_auto_Ok.mtx.omx,Fee_Tol_S2,EA,,,
HOV3TOLL_TIME,skm_auto_Ok.mtx.omx,ivt_Tol_S3,EA,,,
HOV3TOLL_DIST,skm_auto_Ok.mtx.omx,dist_Tol_S3,EA,,,
HOV3TOLL_BTOLL,skm_auto_Pk.mtx.omx,Fee_Tol_DA,EA,,,
HOV3TOLL_VTOLL,skm_auto_Ok.mtx.omx,Fee_Tol_S3,EA,,,
SOV_TIME,skm_auto_Ok.mtx.omx,ivt_GP,EV,,,
SOV_DIST,skm_auto_Ok.mtx.omx,dist_GP,EV,,,
SOV_BTOLL,skm_auto_Pk.mtx.omx,Fee_Tol_DA,EV,,,
HOV2_TIME,skm_auto_Ok.mtx.omx,ivt_HOV_S2,EV,,,
HOV2_DIST,skm_auto_Ok.mtx.omx,dist_HOV_S2,EV,,,
HOV2_BTOLL,skm_auto_Pk.mtx.omx,Fee_Tol_DA,EV,,,
HOV3_TIME,skm_auto_Ok.mtx.omx,ivt_HOV_S3,EV,,,
HOV3_DIST,skm_auto_Ok.mtx.omx,dist_HOV_S3,EV,,,
HOV3_BTOLL,skm_auto_Pk.mtx.omx,Fee_Tol_DA,EV,,,
SOVTOLL_TIME,skm_auto_Ok.mtx.omx,ivt_Tol_DA,EV,,,
SOVTOLL_DIST,skm_auto_Ok.mtx.omx,dist_Tol_DA,EV,,,
SOVTOLL_BTOLL,skm_auto_Pk.mtx.omx,Fee_Tol_DA,EV,,,
SOVTOLL_VTOLL,skm_auto_Ok.mtx.omx,Fee_Tol_DA,EV,,,
HOV2TOLL_TIME,skm_auto_Ok.mtx.omx,ivt_Tol_S2,EV,,,
HOV2TOLL_DIST,skm_auto_Ok.mtx.omx,dist_Tol_S2,EV,,,
HOV2TOLL_BTOLL,skm_auto_Pk.mtx.omx,Fee_Tol_DA,EV,,,
HOV2TOLL_VTOLL,skm_auto_Ok.mtx.omx,Fee_Tol_S2,EV,,,
HOV3TOLL_TIME,skm_auto_Ok.mtx.omx,ivt_Tol_S3,EV,,,
HOV3TOLL_DIST,skm_auto_Ok.mtx.omx,dist_Tol_S3,EV,,,
HOV3TOLL_BTOLL,skm_auto_Pk.mtx.omx,Fee_Tol_DA,EV,,,
HOV3TOLL_VTOLL,skm_auto_Ok.mtx.omx,Fee_Tol_S3,EV,,,
SOV_TIME,skm_auto_Ok.mtx.omx,ivt_GP,MD,,,
SOV_DIST,skm_auto_Ok.mtx.omx,dist_GP,MD,,,
SOV_BTOLL,skm_auto_Pk.mtx.omx,Fee_Tol_DA,MD,,,
HOV2_TIME,skm_auto_Ok.mtx.omx,ivt_HOV_S2,MD,,,
HOV2_DIST,skm_auto_Ok.mtx.omx,dist_HOV_S2,MD,,,
HOV2_BTOLL,skm_auto_Pk.mtx.omx,Fee_Tol_DA,MD,,,
HOV3_TIME,skm_auto_Ok.mtx.omx,ivt_HOV_S3,MD,,,
HOV3_DIST,skm_auto_Ok.mtx.omx,dist_HOV_S3,MD,,,
HOV3_BTOLL,skm_auto_Pk.mtx.omx,Fee_Tol_DA,MD,,,
SOVTOLL_TIME,skm_auto_Ok.mtx.omx,ivt_Tol_DA,MD,,,
SOVTOLL_DIST,skm_auto_Ok.mtx.omx,dist_Tol_DA,MD,,,
SOVTOLL_BTOLL,skm_auto_Pk.mtx.omx,Fee_Tol_DA,MD,,,
SOVTOLL_VTOLL,skm_auto_Ok.mtx.omx,Fee_Tol_DA,MD,,,
HOV2TOLL_TIME,skm_auto_Ok.mtx.omx,ivt_Tol_S2,MD,,,
HOV2TOLL_DIST,skm_auto_Ok.mtx.omx,dist_Tol_S2,MD,,,
HOV2TOLL_BTOLL,skm_auto_Pk.mtx.omx,Fee_Tol_DA,MD,,,
HOV2TOLL_VTOLL,skm_auto_Ok.mtx.omx,Fee_Tol_S2,MD,,,
HOV3TOLL_TIME,skm_auto_Ok.mtx.omx,ivt_Tol_S3,MD,,,
HOV3TOLL_DIST,skm_auto_Ok.mtx.omx,dist_Tol_S3,MD,,,
HOV3TOLL_BTOLL,skm_auto_Pk.mtx.omx,Fee_Tol_DA,MD,,,
HOV3TOLL_VTOLL,skm_auto_Ok.mtx.omx,Fee_Tol_S3,MD,,,
SOV_TIME,skm_auto_Pk.mtx.omx,ivt_GP,PM,,,
SOV_DIST,skm_auto_Pk.mtx.omx,dist_GP,PM,,,
SOV_BTOLL,skm_auto_Pk.mtx.omx,Fee_Tol_DA,PM,,,
HOV2_TIME,skm_auto_Pk.mtx.omx,ivt_HOV_S2,PM,,,
HOV2_DIST,skm_auto_Pk.mtx.omx,dist_HOV_S2,PM,,,
HOV2_BTOLL,skm_auto_Pk.mtx.omx,Fee_Tol_DA,PM,,,
HOV3_TIME,skm_auto_Pk.mtx.omx,ivt_HOV_S3,PM,,,
HOV3_DIST,skm_auto_Pk.mtx.omx,dist_HOV_S3,PM,,,
HOV3_BTOLL,skm_auto_Pk.mtx.omx,Fee_Tol_DA,PM,,,
SOVTOLL_TIME,skm_auto_Pk.mtx.omx,ivt_Tol_DA,PM,,,
SOVTOLL_DIST,skm_auto_Pk.mtx.omx,dist_Tol_DA,PM,,,
SOVTOLL_BTOLL,skm_auto_Pk.mtx.omx,Fee_Tol_DA,PM,,,
SOVTOLL_VTOLL,skm_auto_Pk.mtx.omx,Fee_Tol_DA,PM,,,
HOV2TOLL_TIME,skm_auto_Pk.mtx.omx,ivt_Tol_S2,PM,,,
HOV2TOLL_DIST,skm_auto_Pk.mtx.omx,dist_Tol_S2,PM,,,
HOV2TOLL_BTOLL,skm_auto_Pk.mtx.omx,Fee_Tol_DA,PM,,,
HOV2TOLL_VTOLL,skm_auto_Pk.mtx.omx,Fee_Tol_S2,PM,,,
HOV3TOLL_TIME,skm_auto_Pk.mtx.omx,ivt_Tol_S3,PM,,,
HOV3TOLL_DIST,skm_auto_Pk.mtx.omx,dist_Tol_S3,PM,,,
HOV3TOLL_BTOLL,skm_auto_Pk.mtx.omx,Fee_Tol_DA,PM,,,
HOV3TOLL_VTOLL,skm_auto_Pk.mtx.omx,Fee_Tol_S3,PM,,,
DIST,skm_auto_Pk.mtx.omx,xydist,,,,
DISTWALK,skm_auto_Pk.mtx.omx,xydist,,,,
DISTBIKE,skm_auto_Pk.mtx.omx,xydist,,,,
DRV_COM_WLK_WAIT,skm_d8_Pk.mtx.omx,INITWAIT+XFERWAIT,AM,,,
DRV_COM_WLK_TOTIVT,skm_d8_Pk.mtx.omx,T8+DRIVETIME,AM,,,
DRV_COM_WLK_KEYIVT,skm_d8_Pk.mtx.omx,T8,AM,,,
DRV_COM_WLK_FAR,skm_d8_Pk.mtx.omx,XFARE,AM,,,
DRV_COM_WLK_DTIM,skm_d8_Pk.mtx.omx,DRIVETIME,AM,,,
DRV_COM_WLK_DDIST,skm_d8_Pk.mtx.omx,DRIVEDIST,AM,,,
DRV_COM_WLK_WAUX,skm_d8_Pk.mtx.omx,WALKTIME,AM,,,
DRV_COM_WLK_IWAIT,skm_d8_Pk.mtx.omx,INITWAIT,AM,,,
DRV_COM_WLK_XWAIT,skm_d8_Pk.mtx.omx,XFERWAIT,AM,,,
DRV_COM_WLK_BOARDS,skm_d8_Pk.mtx.omx,BOARDINGS,AM,,,
DRV_EXP_WLK_WAIT,skm_d6_Pk.mtx.omx,INITWAIT+XFERWAIT,AM,,,
DRV_EXP_WLK_TOTIVT,skm_d6_Pk.mtx.omx,T6+DRIVETIME,AM,,,
DRV_EXP_WLK_KEYIVT,skm_d6_Pk.mtx.omx,T6,AM,,,
DRV_EXP_WLK_FAR,skm_d6_Pk.mtx.omx,XFARE,AM,,,
DRV_EXP_WLK_DTIM,skm_d6_Pk.mtx.omx,DRIVETIME,AM,,,
DRV_EXP_WLK_WAUX,skm_d6_Pk.mtx.omx,DRIVEDIST,AM,,,
DRV_EXP_WLK_IWAIT,skm_d6_Pk.mtx.omx,WALKTIME,AM,,,
DRV_EXP_WLK_XWAIT,skm_d6_Pk.mtx.omx,INITWAIT,AM,,,
DRV_EXP_WLK_BOARDS,skm_d6_Pk.mtx.omx,XFERWAIT,AM,,,
DRV_EXP_WLK_DDIST,skm_d6_Pk.mtx.omx,BOARDINGS,AM,,,
DRV_HVY_WLK_WAIT,skm_d9_Pk.mtx.omx,INITWAIT+XFERWAIT,AM,,,
DRV_HVY_WLK_TOTIVT,skm_d9_Pk.mtx.omx,T9+DRIVETIME,AM,,,
DRV_HVY_WLK_KEYIVT,skm_d9_Pk.mtx.omx,T9,AM,,,
DRV_HVY_WLK_FAR,skm_d9_Pk.mtx.omx,XFARE,AM,,,
DRV_HVY_WLK_DTIM,skm_d9_Pk.mtx.omx,DRIVETIME,AM,,,
DRV_HVY_WLK_DDIST,skm_d9_Pk.mtx.omx,DRIVEDIST,AM,,,
DRV_HVY_WLK_WAUX,skm_d9_Pk.mtx.omx,WALKTIME,AM,,,
DRV_HVY_WLK_IWAIT,skm_d9_Pk.mtx.omx,INITWAIT,AM,,,
DRV_HVY_WLK_XWAIT,skm_d9_Pk.mtx.omx,XFERWAIT,AM,,,
DRV_HVY_WLK_BOARDS,skm_d9_Pk.mtx.omx,BOARDINGS,AM,,,
DRV_LOC_WLK_WAIT,skm_d4_Pk.mtx.omx,INITWAIT+XFERWAIT,AM,,,
DRV_LOC_WLK_TOTIVT,skm_d4_Pk.mtx.omx,T4+DRIVETIME,AM,,,
DRV_LOC_WLK_KEYIVT,skm_d4_Pk.mtx.omx,T4,AM,,,
DRV_LOC_WLK_FAR,skm_d4_Pk.mtx.omx,XFARE,AM,,,
DRV_LOC_WLK_DTIM,skm_d4_Pk.mtx.omx,DRIVETIME,AM,,,
DRV_LOC_WLK_DDIST,skm_d4_Pk.mtx.omx,DRIVEDIST,AM,,,
DRV_LOC_WLK_WAUX,skm_d4_Pk.mtx.omx,WALKTIME,AM,,,
DRV_LOC_WLK_IWAIT,skm_d4_Pk.mtx.omx,INITWAIT,AM,,,
DRV_LOC_WLK_XWAIT,skm_d4_Pk.mtx.omx,XFERWAIT,AM,,,
DRV_LOC_WLK_BOARDS,skm_d4_Pk.mtx.omx,BOARDINGS,AM,,,
DRV_LRF_WLK_WAIT,skm_d7_Pk.mtx.omx,INITWAIT+XFERWAIT,AM,,,
DRV_LRF_WLK_TOTIVT,skm_d7_Pk.mtx.omx,T7+DRIVETIME,AM,,,
DRV_LRF_WLK_KEYIVT,skm_d7_Pk.mtx.omx,T7,AM,,,
DRV_LRF_WLK_FAR,skm_d7_Pk.mtx.omx,XFARE,AM,,,
DRV_LRF_WLK_DTIM,skm_d7_Pk.mtx.omx,DRIVETIME,AM,,,
DRV_LRF_WLK_DDIST,skm_d7_Pk.mtx.omx,DRIVEDIST,AM,,,
DRV_LRF_WLK_WAUX,skm_d7_Pk.mtx.omx,WALKTIME,AM,,,
DRV_LRF_WLK_IWAIT,skm_d7_Pk.mtx.omx,INITWAIT,AM,,,
DRV_LRF_WLK_XWAIT,skm_d7_Pk.mtx.omx,XFERWAIT,AM,,,
DRV_LRF_WLK_BOARDS,skm_d7_Pk.mtx.omx,BOARDINGS,AM,,,
WLK_COM_DRV_WAIT,skm_d8_Pk.mtx.omx,INITWAIT+XFERWAIT,AM,,,
WLK_COM_DRV_TOTIVT,skm_d8_Pk.mtx.omx,T8+DRIVETIME,AM,,,
WLK_COM_DRV_KEYIVT,skm_d8_Pk.mtx.omx,T8,AM,,,
WLK_COM_DRV_FAR,skm_d8_Pk.mtx.omx,XFARE,AM,,,
WLK_COM_DRV_DTIM,skm_d8_Pk.mtx.omx,DRIVETIME,AM,,,
WLK_COM_DRV_DDIST,skm_d8_Pk.mtx.omx,DRIVEDIST,AM,,,
WLK_COM_DRV_WAUX,skm_d8_Pk.mtx.omx,WALKTIME,AM,,,
WLK_COM_DRV_IWAIT,skm_d8_Pk.mtx.omx,INITWAIT,AM,,,
WLK_COM_DRV_XWAIT,skm_d8_Pk.mtx.omx,XFERWAIT,AM,,,
WLK_COM_DRV_BOARDS,skm_d8_Pk.mtx.omx,BOARDINGS,AM,,,
WLK_COM_WLK_WAIT,skm_w8_Pk.mtx.omx,INITWAIT+XFERWAIT,AM,,,
WLK_COM_WLK_TOTIVT,skm_w8_Pk.mtx.omx,T8+DRIVETIME,AM,,,
WLK_COM_WLK_KEYIVT,skm_w8_Pk.mtx.omx,T8,AM,,,
WLK_COM_WLK_FAR,skm_w8_Pk.mtx.omx,XFARE,AM,,,
WLK_COM_WLK_WAUX,skm_w8_Pk.mtx.omx,WALKTIME,AM,,,
WLK_COM_WLK_IWAIT,skm_w8_Pk.mtx.omx,INITWAIT,AM,,,
WLK_COM_WLK_XWAIT,skm_w8_Pk.mtx.omx,XFERWAIT,AM,,,
WLK_COM_WLK_BOARDS,skm_w8_Pk.mtx.omx,BOARDINGS,AM,,,
WLK_EXP_DRV_WAIT,skm_d6_Pk.mtx.omx,INITWAIT+XFERWAIT,AM,,,
WLK_EXP_DRV_TOTIVT,skm_d6_Pk.mtx.omx,T6+DRIVETIME,AM,,,
WLK_EXP_DRV_KEYIVT,skm_d6_Pk.mtx.omx,T6,AM,,,
WLK_EXP_DRV_FAR,skm_d6_Pk.mtx.omx,XFARE,AM,,,
WLK_EXP_DRV_DTIM,skm_d6_Pk.mtx.omx,DRIVETIME,AM,,,
WLK_EXP_DRV_WAUX,skm_d6_Pk.mtx.omx,DRIVEDIST,AM,,,
WLK_EXP_DRV_IWAIT,skm_d6_Pk.mtx.omx,WALKTIME,AM,,,
WLK_EXP_DRV_XWAIT,skm_d6_Pk.mtx.omx,INITWAIT,AM,,,
WLK_EXP_DRV_BOARDS,skm_d6_Pk.mtx.omx,XFERWAIT,AM,,,
WLK_EXP_DRV_DDIST,skm_d6_Pk.mtx.omx,BOARDINGS,AM,,,
WLK_EXP_WLK_WAIT,skm_w6_Pk.mtx.omx,INITWAIT+XFERWAIT,AM,,,
WLK_EXP_WLK_TOTIVT,skm_w6_Pk.mtx.omx,T6+DRIVETIME,AM,,,
WLK_EXP_WLK_KEYIVT,skm_w6_Pk.mtx.omx,T6,AM,,,
WLK_EXP_WLK_FAR,skm_w6_Pk.mtx.omx,XFARE,AM,,,
WLK_EXP_WLK_WAUX,skm_w6_Pk.mtx.omx,WALKTIME,AM,,,
WLK_EXP_WLK_IWAIT,skm_w6_Pk.mtx.omx,INITWAIT,AM,,,
WLK_EXP_WLK_XWAIT,skm_w6_Pk.mtx.omx,XFERWAIT,AM,,,
WLK_EXP_WLK_BOARDS,skm_w6_Pk.mtx.omx,BOARDINGS,AM,,,
WLK_HVY_DRV_WAIT,skm_d9_Pk.mtx.omx,INITWAIT+XFERWAIT,AM,,,
WLK_HVY_DRV_TOTIVT,skm_d9_Pk.mtx.omx,T9+DRIVETIME,AM,,,
WLK_HVY_DRV_KEYIVT,skm_d9_Pk.mtx.omx,T9,AM,,,
WLK_HVY_DRV_FAR,skm_d9_Pk.mtx.omx,XFARE,AM,,,
WLK_HVY_DRV_DTIM,skm_d9_Pk.mtx.omx,DRIVETIME,AM,,,
WLK_HVY_DRV_DDIST,skm_d9_Pk.mtx.omx,DRIVEDIST,AM,,,
WLK_HVY_DRV_WAUX,skm_d9_Pk.mtx.omx,WALKTIME,AM,,,
WLK_HVY_DRV_IWAIT,skm_d9_Pk.mtx.omx,INITWAIT,AM,,,
WLK_HVY_DRV_XWAIT,skm_d9_Pk.mtx.omx,XFERWAIT,AM,,,
WLK_HVY_DRV_BOARDS,skm_d9_Pk.mtx.omx,BOARDINGS,AM,,,
WLK_HVY_WLK_WAIT,skm_w9_Pk.mtx.omx,INITWAIT+XFERWAIT,AM,,,
WLK_HVY_WLK_TOTIVT,skm_w9_Pk.mtx.omx,T9+DRIVETIME,AM,,,
WLK_HVY_WLK_KEYIVT,skm_w9_Pk.mtx.omx,T9,AM,,,
WLK_HVY_WLK_FAR,skm_w9_Pk.mtx.omx,XFARE,AM,,,
WLK_HVY_WLK_WAUX,skm_w9_Pk.mtx.omx,WALKTIME,AM,,,
WLK_HVY_WLK_IWAIT,skm_w9_Pk.mtx.omx,INITWAIT,AM,,,
WLK_HVY_WLK_XWAIT,skm_w9_Pk.mtx.omx,XFERWAIT,AM,,,
WLK_HVY_WLK_BOARDS,skm_w9_Pk.mtx.omx,BOARDINGS,AM,,,
WLK_LOC_DRV_WAIT,skm_d4_Pk.mtx.omx,INITWAIT+XFERWAIT,AM,,,
WLK_LOC_DRV_TOTIVT,skm_d4_Pk.mtx.omx,T4+DRIVETIME,AM,,,
WLK_LOC_DRV_KEYIVT,skm_d4_Pk.mtx.omx,T4,AM,,,
WLK_LOC_DRV_FAR,skm_d4_Pk.mtx.omx,XFARE,AM,,,
WLK_LOC_DRV_DTIM,skm_d4_Pk.mtx.omx,DRIVETIME,AM,,,
WLK_LOC_DRV_DDIST,skm_d4_Pk.mtx.omx,DRIVEDIST,AM,,,
WLK_LOC_DRV_WAUX,skm_d4_Pk.mtx.omx,WALKTIME,AM,,,
WLK_LOC_DRV_IWAIT,skm_d4_Pk.mtx.omx,INITWAIT,AM,,,
WLK_LOC_DRV_XWAIT,skm_d4_Pk.mtx.omx,XFERWAIT,AM,,,
WLK_LOC_DRV_BOARDS,skm_d4_Pk.mtx.omx,BOARDINGS,AM,,,
WLK_LOC_WLK_WAIT,skm_w4_Pk.mtx.omx,INITWAIT+XFERWAIT,AM,,,
WLK_LOC_WLK_TOTIVT,skm_w4_Pk.mtx.omx,T4+DRIVETIME,AM,,,
WLK_LOC_WLK_KEYIVT,skm_w4_Pk.mtx.omx,T4,AM,,,
WLK_LOC_WLK_FAR,skm_w4_Pk.mtx.omx,XFARE,AM,,,
WLK_LOC_WLK_WAUX,skm_w4_Pk.mtx.omx,WALKTIME,AM,,,
WLK_LOC_WLK_IWAIT,skm_w4_Pk.mtx.omx,INITWAIT,AM,,,
WLK_LOC_WLK_XWAIT,skm_w4_Pk.mtx.omx,XFERWAIT,AM,,,
WLK_LOC_WLK_BOARDS,skm_w4_Pk.mtx.omx,BOARDINGS,AM,,,
WLK_LRF_DRV_WAIT,skm_d4_Pk.mtx.omx,INITWAIT+XFERWAIT,AM,,,
WLK_LRF_DRV_TOTIVT,skm_d7_Pk.mtx.omx,T7+DRIVETIME,AM,,,
WLK_LRF_DRV_KEYIVT,skm_d7_Pk.mtx.omx,T7,AM,,,
WLK_LRF_DRV_FAR,skm_d7_Pk.mtx.omx,XFARE,AM,,,
WLK_LRF_DRV_DTIM,skm_d7_Pk.mtx.omx,DRIVETIME,AM,,,
WLK_LRF_DRV_DDIST,skm_d7_Pk.mtx.omx,DRIVEDIST,AM,,,
WLK_LRF_DRV_WAUX,skm_d7_Pk.mtx.omx,WALKTIME,AM,,,
WLK_LRF_DRV_IWAIT,skm_d7_Pk.mtx.omx,INITWAIT,AM,,,
WLK_LRF_DRV_XWAIT,skm_d7_Pk.mtx.omx,XFERWAIT,AM,,,
WLK_LRF_DRV_BOARDS,skm_d7_Pk.mtx.omx,BOARDINGS,AM,,,
WLK_LRF_WLK_WAIT,skm_w7_Pk.mtx.omx,INITWAIT+XFERWAIT,AM,,,
WLK_LRF_WLK_TOTIVT,skm_w7_Pk.mtx.omx,T7+DRIVETIME,AM,,,
WLK_LRF_WLK_KEYIVT,skm_w7_Pk.mtx.omx,T7,AM,,,
WLK_LRF_WLK_FAR,skm_w7_Pk.mtx.omx,XFARE,AM,,,
WLK_LRF_WLK_WAUX,skm_w7_Pk.mtx.omx,WALKTIME,AM,,,
WLK_LRF_WLK_IWAIT,skm_w7_Pk.mtx.omx,INITWAIT,AM,,,
WLK_LRF_WLK_XWAIT,skm_w7_Pk.mtx.omx,XFERWAIT,AM,,,
WLK_LRF_WLK_BOARDS,skm_w7_Pk.mtx.omx,BOARDINGS,AM,,,
DRV_COM_WLK_WAIT,skm_d8_Ok.mtx.omx,INITWAIT+XFERWAIT,EA,,,
DRV_COM_WLK_TOTIVT,skm_d8_Ok.mtx.omx,T8+DRIVETIME,EA,,,
DRV_COM_WLK_KEYIVT,skm_d8_Ok.mtx.omx,T8,EA,,,
DRV_COM_WLK_FAR,skm_d8_Ok.mtx.omx,XFARE,EA,,,
DRV_COM_WLK_DTIM,skm_d8_Ok.mtx.omx,DRIVETIME,EA,,,
DRV_COM_WLK_DDIST,skm_d8_Ok.mtx.omx,DRIVEDIST,EA,,,
DRV_COM_WLK_WAUX,skm_d8_Ok.mtx.omx,WALKTIME,EA,,,
DRV_COM_WLK_IWAIT,skm_d8_Ok.mtx.omx,INITWAIT,EA,,,
DRV_COM_WLK_XWAIT,skm_d8_Ok.mtx.omx,XFERWAIT,EA,,,
DRV_COM_WLK_BOARDS,skm_d8_Ok.mtx.omx,BOARDINGS,EA,,,
DRV_EXP_WLK_WAIT,skm_d6_Ok.mtx.omx,INITWAIT+XFERWAIT,EA,,,
DRV_EXP_WLK_TOTIVT,skm_d6_Ok.mtx.omx,T6+DRIVETIME,EA,,,
DRV_EXP_WLK_KEYIVT,skm_d6_Ok.mtx.omx,T6,EA,,,
DRV_EXP_WLK_FAR,skm_d6_Ok.mtx.omx,XFARE,EA,,,
DRV_EXP_WLK_DTIM,skm_d6_Ok.mtx.omx,DRIVETIME,EA,,,
DRV_EXP_WLK_WAUX,skm_d6_Ok.mtx.omx,DRIVEDIST,EA,,,
DRV_EXP_WLK_IWAIT,skm_d6_Ok.mtx.omx,WALKTIME,EA,,,
DRV_EXP_WLK_XWAIT,skm_d6_Ok.mtx.omx,INITWAIT,EA,,,
DRV_EXP_WLK_BOARDS,skm_d6_Ok.mtx.omx,XFERWAIT,EA,,,
DRV_EXP_WLK_DDIST,skm_d6_Ok.mtx.omx,BOARDINGS,EA,,,
DRV_HVY_WLK_WAIT,skm_d9_Ok.mtx.omx,INITWAIT+XFERWAIT,EA,,,
DRV_HVY_WLK_TOTIVT,skm_d9_Ok.mtx.omx,T9+DRIVETIME,EA,,,
DRV_HVY_WLK_KEYIVT,skm_d9_Ok.mtx.omx,T9,EA,,,
DRV_HVY_WLK_FAR,skm_d9_Ok.mtx.omx,XFARE,EA,,,
DRV_HVY_WLK_DTIM,skm_d9_Ok.mtx.omx,DRIVETIME,EA,,,
DRV_HVY_WLK_DDIST,skm_d9_Ok.mtx.omx,DRIVEDIST,EA,,,
DRV_HVY_WLK_WAUX,skm_d9_Ok.mtx.omx,WALKTIME,EA,,,
DRV_HVY_WLK_IWAIT,skm_d9_Ok.mtx.omx,INITWAIT,EA,,,
DRV_HVY_WLK_XWAIT,skm_d9_Ok.mtx.omx,XFERWAIT,EA,,,
DRV_HVY_WLK_BOARDS,skm_d9_Ok.mtx.omx,BOARDINGS,EA,,,
DRV_LOC_WLK_WAIT,skm_d4_Ok.mtx.omx,INITWAIT+XFERWAIT,EA,,,
DRV_LOC_WLK_TOTIVT,skm_d4_Ok.mtx.omx,T4+DRIVETIME,EA,,,
DRV_LOC_WLK_KEYIVT,skm_d4_Ok.mtx.omx,T4,EA,,,
DRV_LOC_WLK_FAR,skm_d4_Ok.mtx.omx,XFARE,EA,,,
DRV_LOC_WLK_DTIM,skm_d4_Ok.mtx.omx,DRIVETIME,EA,,,
DRV_LOC_WLK_DDIST,skm_d4_Ok.mtx.omx,DRIVEDIST,EA,,,
DRV_LOC_WLK_WAUX,skm_d4_Ok.mtx.omx,WALKTIME,EA,,,
DRV_LOC_WLK_IWAIT,skm_d4_Ok.mtx.omx,INITWAIT,EA,,,
DRV_LOC_WLK_XWAIT,skm_d4_Ok.mtx.omx,XFERWAIT,EA,,,
DRV_LOC_WLK_BOARDS,skm_d4_Ok.mtx.omx,BOARDINGS,EA,,,
DRV_LRF_WLK_WAIT,skm_d7_Ok.mtx.omx,INITWAIT+XFERWAIT,EA,,,
DRV_LRF_WLK_TOTIVT,skm_d7_Ok.mtx.omx,T7+DRIVETIME,EA,,,
DRV_LRF_WLK_KEYIVT,skm_d7_Ok.mtx.omx,T7,EA,,,
DRV_LRF_WLK_FAR,skm_d7_Ok.mtx.omx,XFARE,EA,,,
DRV_LRF_WLK_DTIM,skm_d7_Ok.mtx.omx,DRIVETIME,EA,,,
DRV_LRF_WLK_DDIST,skm_d7_Ok.mtx.omx,DRIVEDIST,EA,,,
DRV_LRF_WLK_WAUX,skm_d7_Ok.mtx.omx,WALKTIME,EA,,,
DRV_LRF_WLK_IWAIT,skm_d7_Ok.mtx.omx,INITWAIT,EA,,,
DRV_LRF_WLK_XWAIT,skm_d7_Ok.mtx.omx,XFERWAIT,EA,,,
DRV_LRF_WLK_BOARDS,skm_d7_Ok.mtx.omx,BOARDINGS,EA,,,
WLK_COM_DRV_WAIT,skm_d8_Ok.mtx.omx,INITWAIT+XFERWAIT,EA,,,
WLK_COM_DRV_TOTIVT,skm_d8_Ok.mtx.omx,T8+DRIVETIME,EA,,,
WLK_COM_DRV_KEYIVT,skm_d8_Ok.mtx.omx,T8,EA,,,
WLK_COM_DRV_FAR,skm_d8_Ok.mtx.omx,XFARE,EA,,,
WLK_COM_DRV_DTIM,skm_d8_Ok.mtx.omx,DRIVETIME,EA,,,
WLK_COM_DRV_DDIST,skm_d8_Ok.mtx.omx,DRIVEDIST,EA,,,
WLK_COM_DRV_WAUX,skm_d8_Ok.mtx.omx,WALKTIME,EA,,,
WLK_COM_DRV_IWAIT,skm_d8_Ok.mtx.omx,INITWAIT,EA,,,
WLK_COM_DRV_XWAIT,skm_d8_Ok.mtx.omx,XFERWAIT,EA,,,
WLK_COM_DRV_BOARDS,skm_d8_Ok.mtx.omx,BOARDINGS,EA,,,
WLK_COM_WLK_WAIT,skm_w8_Ok.mtx.omx,INITWAIT+XFERWAIT,EA,,,
WLK_COM_WLK_TOTIVT,skm_w8_Ok.mtx.omx,T8+DRIVETIME,EA,,,
WLK_COM_WLK_KEYIVT,skm_w8_Ok.mtx.omx,T8,EA,,,
WLK_COM_WLK_FAR,skm_w8_Ok.mtx.omx,XFARE,EA,,,
WLK_COM_WLK_WAUX,skm_w8_Ok.mtx.omx,WALKTIME,EA,,,
WLK_COM_WLK_IWAIT,skm_w8_Ok.mtx.omx,INITWAIT,EA,,,
WLK_COM_WLK_XWAIT,skm_w8_Ok.mtx.omx,XFERWAIT,EA,,,
WLK_COM_WLK_BOARDS,skm_w8_Ok.mtx.omx,BOARDINGS,EA,,,
WLK_EXP_DRV_WAIT,skm_d6_Ok.mtx.omx,INITWAIT+XFERWAIT,EA,,,
WLK_EXP_DRV_TOTIVT,skm_d6_Ok.mtx.omx,T6+DRIVETIME,EA,,,
WLK_EXP_DRV_KEYIVT,skm_d6_Ok.mtx.omx,T6,EA,,,
WLK_EXP_DRV_FAR,skm_d6_Ok.mtx.omx,XFARE,EA,,,
WLK_EXP_DRV_DTIM,skm_d6_Ok.mtx.omx,DRIVETIME,EA,,,
WLK_EXP_DRV_WAUX,skm_d6_Ok.mtx.omx,DRIVEDIST,EA,,,
WLK_EXP_DRV_IWAIT,skm_d6_Ok.mtx.omx,WALKTIME,EA,,,
WLK_EXP_DRV_XWAIT,skm_d6_Ok.mtx.omx,INITWAIT,EA,,,
WLK_EXP_DRV_BOARDS,skm_d6_Ok.mtx.omx,XFERWAIT,EA,,,
WLK_EXP_DRV_DDIST,skm_d6_Ok.mtx.omx,BOARDINGS,EA,,,
WLK_EXP_WLK_WAIT,skm_w6_Ok.mtx.omx,INITWAIT+XFERWAIT,EA,,,
WLK_EXP_WLK_TOTIVT,skm_w6_Ok.mtx.omx,T6+DRIVETIME,EA,,,
WLK_EXP_WLK_KEYIVT,skm_w6_Ok.mtx.omx,T6,EA,,,
WLK_EXP_WLK_FAR,skm_w6_Ok.mtx.omx,XFARE,EA,,,
WLK_EXP_WLK_WAUX,skm_w6_Ok.mtx.omx,WALKTIME,EA,,,
WLK_EXP_WLK_IWAIT,skm_w6_Ok.mtx.omx,INITWAIT,EA,,,
WLK_EXP_WLK_XWAIT,skm_w6_Ok.mtx.omx,XFERWAIT,EA,,,
WLK_EXP_WLK_BOARDS,skm_w6_Ok.mtx.omx,BOARDINGS,EA,,,
WLK_HVY_DRV_WAIT,skm_d9_Ok.mtx.omx,INITWAIT+XFERWAIT,EA,,,
WLK_HVY_DRV_TOTIVT,skm_d9_Ok.mtx.omx,T9+DRIVETIME,EA,,,
WLK_HVY_DRV_KEYIVT,skm_d9_Ok.mtx.omx,T9,EA,,,
WLK_HVY_DRV_FAR,skm_d9_Ok.mtx.omx,XFARE,EA,,,
WLK_HVY_DRV_DTIM,skm_d9_Ok.mtx.omx,DRIVETIME,EA,,,
WLK_HVY_DRV_DDIST,skm_d9_Ok.mtx.omx,DRIVEDIST,EA,,,
WLK_HVY_DRV_WAUX,skm_d9_Ok.mtx.omx,WALKTIME,EA,,,
WLK_HVY_DRV_IWAIT,skm_d9_Ok.mtx.omx,INITWAIT,EA,,,
WLK_HVY_DRV_XWAIT,skm_d9_Ok.mtx.omx,XFERWAIT,EA,,,
WLK_HVY_DRV_BOARDS,skm_d9_Ok.mtx.omx,BOARDINGS,EA,,,
WLK_HVY_WLK_WAIT,skm_w9_Ok.mtx.omx,INITWAIT+XFERWAIT,EA,,,
WLK_HVY_WLK_TOTIVT,skm_w9_Ok.mtx.omx,T9+DRIVETIME,EA,,,
WLK_HVY_WLK_KEYIVT,skm_w9_Ok.mtx.omx,T9,EA,,,
WLK_HVY_WLK_FAR,skm_w9_Ok.mtx.omx,XFARE,EA,,,
WLK_HVY_WLK_WAUX,skm_w9_Ok.mtx.omx,WALKTIME,EA,,,
WLK_HVY_WLK_IWAIT,skm_w9_Ok.mtx.omx,INITWAIT,EA,,,
WLK_HVY_WLK_XWAIT,skm_w9_Ok.mtx.omx,XFERWAIT,EA,,,
WLK_HVY_WLK_BOARDS,skm_w9_Ok.mtx.omx,BOARDINGS,EA,,,
WLK_LOC_DRV_WAIT,skm_d4_Ok.mtx.omx,INITWAIT+XFERWAIT,EA,,,
WLK_LOC_DRV_TOTIVT,skm_d4_Ok.mtx.omx,T4+DRIVETIME,EA,,,
WLK_LOC_DRV_KEYIVT,skm_d4_Ok.mtx.omx,T4,EA,,,
WLK_LOC_DRV_FAR,skm_d4_Ok.mtx.omx,XFARE,EA,,,
WLK_LOC_DRV_DTIM,skm_d4_Ok.mtx.omx,DRIVETIME,EA,,,
WLK_LOC_DRV_DDIST,skm_d4_Ok.mtx.omx,DRIVEDIST,EA,,,
WLK_LOC_DRV_WAUX,skm_d4_Ok.mtx.omx,WALKTIME,EA,,,
WLK_LOC_DRV_IWAIT,skm_d4_Ok.mtx.omx,INITWAIT,EA,,,
WLK_LOC_DRV_XWAIT,skm_d4_Ok.mtx.omx,XFERWAIT,EA,,,
WLK_LOC_DRV_BOARDS,skm_d4_Ok.mtx.omx,BOARDINGS,EA,,,
WLK_LOC_WLK_WAIT,skm_w4_Ok.mtx.omx,INITWAIT+XFERWAIT,EA,,,
WLK_LOC_WLK_TOTIVT,skm_w4_Ok.mtx.omx,T4+DRIVETIME,EA,,,
WLK_LOC_WLK_KEYIVT,skm_w4_Ok.mtx.omx,T4,EA,,,
WLK_LOC_WLK_FAR,skm_w4_Ok.mtx.omx,XFARE,EA,,,
WLK_LOC_WLK_WAUX,skm_w4_Ok.mtx.omx,WALKTIME,EA,,,
WLK_LOC_WLK_IWAIT,skm_w4_Ok.mtx.omx,INITWAIT,EA,,,
WLK_LOC_WLK_XWAIT,skm_w4_Ok.mtx.omx,XFERWAIT,EA,,,
WLK_LOC_WLK_BOARDS,skm_w4_Ok.mtx.omx,BOARDINGS,EA,,,
WLK_LRF_DRV_WAIT,skm_d4_Ok.mtx.omx,INITWAIT+XFERWAIT,EA,,,
WLK_LRF_DRV_TOTIVT,skm_d7_Ok.mtx.omx,T7+DRIVETIME,EA,,,
WLK_LRF_DRV_KEYIVT,skm_d7_Ok.mtx.omx,T7,EA,,,
WLK_LRF_DRV_FAR,skm_d7_Ok.mtx.omx,XFARE,EA,,,
WLK_LRF_DRV_DTIM,skm_d7_Ok.mtx.omx,DRIVETIME,EA,,,
WLK_LRF_DRV_DDIST,skm_d7_Ok.mtx.omx,DRIVEDIST,EA,,,
WLK_LRF_DRV_WAUX,skm_d7_Ok.mtx.omx,WALKTIME,EA,,,
WLK_LRF_DRV_IWAIT,skm_d7_Ok.mtx.omx,INITWAIT,EA,,,
WLK_LRF_DRV_XWAIT,skm_d7_Ok.mtx.omx,XFERWAIT,EA,,,
WLK_LRF_DRV_BOARDS,skm_d7_Ok.mtx.omx,BOARDINGS,EA,,,
WLK_LRF_WLK_WAIT,skm_w7_Ok.mtx.omx,INITWAIT+XFERWAIT,EA,,,
WLK_LRF_WLK_TOTIVT,skm_w7_Ok.mtx.omx,T7+DRIVETIME,EA,,,
WLK_LRF_WLK_KEYIVT,skm_w7_Ok.mtx.omx,T7,EA,,,
WLK_LRF_WLK_FAR,skm_w7_Ok.mtx.omx,XFARE,EA,,,
WLK_LRF_WLK_WAUX,skm_w7_Ok.mtx.omx,WALKTIME,EA,,,
WLK_LRF_WLK_IWAIT,skm_w7_Ok.mtx.omx,INITWAIT,EA,,,
WLK_LRF_WLK_XWAIT,skm_w7_Ok.mtx.omx,XFERWAIT,EA,,,
WLK_LRF_WLK_BOARDS,skm_w7_Ok.mtx.omx,BOARDINGS,EA,,,
DRV_COM_WLK_WAIT,skm_d8_Ok.mtx.omx,INITWAIT+XFERWAIT,EV,,,
DRV_COM_WLK_TOTIVT,skm_d8_Ok.mtx.omx,T8+DRIVETIME,EV,,,
DRV_COM_WLK_KEYIVT,skm_d8_Ok.mtx.omx,T8,EV,,,
DRV_COM_WLK_FAR,skm_d8_Ok.mtx.omx,XFARE,EV,,,
DRV_COM_WLK_DTIM,skm_d8_Ok.mtx.omx,DRIVETIME,EV,,,
DRV_COM_WLK_DDIST,skm_d8_Ok.mtx.omx,DRIVEDIST,EV,,,
DRV_COM_WLK_WAUX,skm_d8_Ok.mtx.omx,WALKTIME,EV,,,
DRV_COM_WLK_IWAIT,skm_d8_Ok.mtx.omx,INITWAIT,EV,,,
DRV_COM_WLK_XWAIT,skm_d8_Ok.mtx.omx,XFERWAIT,EV,,,
DRV_COM_WLK_BOARDS,skm_d8_Ok.mtx.omx,BOARDINGS,EV,,,
DRV_EXP_WLK_WAIT,skm_d6_Ok.mtx.omx,INITWAIT+XFERWAIT,EV,,,
DRV_EXP_WLK_TOTIVT,skm_d6_Ok.mtx.omx,T6+DRIVETIME,EV,,,
DRV_EXP_WLK_KEYIVT,skm_d6_Ok.mtx.omx,T6,EV,,,
DRV_EXP_WLK_FAR,skm_d6_Ok.mtx.omx,XFARE,EV,,,
DRV_EXP_WLK_DTIM,skm_d6_Ok.mtx.omx,DRIVETIME,EV,,,
DRV_EXP_WLK_WAUX,skm_d6_Ok.mtx.omx,DRIVEDIST,EV,,,
DRV_EXP_WLK_IWAIT,skm_d6_Ok.mtx.omx,WALKTIME,EV,,,
DRV_EXP_WLK_XWAIT,skm_d6_Ok.mtx.omx,INITWAIT,EV,,,
DRV_EXP_WLK_BOARDS,skm_d6_Ok.mtx.omx,XFERWAIT,EV,,,
DRV_EXP_WLK_DDIST,skm_d6_Ok.mtx.omx,BOARDINGS,EV,,,
DRV_HVY_WLK_WAIT,skm_d9_Ok.mtx.omx,INITWAIT+XFERWAIT,EV,,,
DRV_HVY_WLK_TOTIVT,skm_d9_Ok.mtx.omx,T9+DRIVETIME,EV,,,
DRV_HVY_WLK_KEYIVT,skm_d9_Ok.mtx.omx,T9,EV,,,
DRV_HVY_WLK_FAR,skm_d9_Ok.mtx.omx,XFARE,EV,,,
DRV_HVY_WLK_DTIM,skm_d9_Ok.mtx.omx,DRIVETIME,EV,,,
DRV_HVY_WLK_DDIST,skm_d9_Ok.mtx.omx,DRIVEDIST,EV,,,
DRV_HVY_WLK_WAUX,skm_d9_Ok.mtx.omx,WALKTIME,EV,,,
DRV_HVY_WLK_IWAIT,skm_d9_Ok.mtx.omx,INITWAIT,EV,,,
DRV_HVY_WLK_XWAIT,skm_d9_Ok.mtx.omx,XFERWAIT,EV,,,
DRV_HVY_WLK_BOARDS,skm_d9_Ok.mtx.omx,BOARDINGS,EV,,,
DRV_LOC_WLK_WAIT,skm_d4_Ok.mtx.omx,INITWAIT+XFERWAIT,EV,,,
DRV_LOC_WLK_TOTIVT,skm_d4_Ok.mtx.omx,T4+DRIVETIME,EV,,,
DRV_LOC_WLK_KEYIVT,skm_d4_Ok.mtx.omx,T4,EV,,,
DRV_LOC_WLK_FAR,skm_d4_Ok.mtx.omx,XFARE,EV,,,
DRV_LOC_WLK_DTIM,skm_d4_Ok.mtx.omx,DRIVETIME,EV,,,
DRV_LOC_WLK_DDIST,skm_d4_Ok.mtx.omx,DRIVEDIST,EV,,,
DRV_LOC_WLK_WAUX,skm_d4_Ok.mtx.omx,WALKTIME,EV,,,
DRV_LOC_WLK_IWAIT,skm_d4_Ok.mtx.omx,INITWAIT,EV,,,
DRV_LOC_WLK_XWAIT,skm_d4_Ok.mtx.omx,XFERWAIT,EV,,,
DRV_LOC_WLK_BOARDS,skm_d4_Ok.mtx.omx,BOARDINGS,EV,,,
DRV_LRF_WLK_WAIT,skm_d7_Ok.mtx.omx,INITWAIT+XFERWAIT,EV,,,
DRV_LRF_WLK_TOTIVT,skm_d7_Ok.mtx.omx,T7+DRIVETIME,EV,,,
DRV_LRF_WLK_KEYIVT,skm_d7_Ok.mtx.omx,T7,EV,,,
DRV_LRF_WLK_FAR,skm_d7_Ok.mtx.omx,XFARE,EV,,,
DRV_LRF_WLK_DTIM,skm_d7_Ok.mtx.omx,DRIVETIME,EV,,,
DRV_LRF_WLK_DDIST,skm_d7_Ok.mtx.omx,DRIVEDIST,EV,,,
DRV_LRF_WLK_WAUX,skm_d7_Ok.mtx.omx,WALKTIME,EV,,,
DRV_LRF_WLK_IWAIT,skm_d7_Ok.mtx.omx,INITWAIT,EV,,,
DRV_LRF_WLK_XWAIT,skm_d7_Ok.mtx.omx,XFERWAIT,EV,,,
DRV_LRF_WLK_BOARDS,skm_d7_Ok.mtx.omx,BOARDINGS,EV,,,
WLK_COM_DRV_WAIT,skm_d8_Ok.mtx.omx,INITWAIT+XFERWAIT,EV,,,
WLK_COM_DRV_TOTIVT,skm_d8_Ok.mtx.omx,T8+DRIVETIME,EV,,,
WLK_COM_DRV_KEYIVT,skm_d8_Ok.mtx.omx,T8,EV,,,
WLK_COM_DRV_FAR,skm_d8_Ok.mtx.omx,XFARE,EV,,,
WLK_COM_DRV_DTIM,skm_d8_Ok.mtx.omx,DRIVETIME,EV,,,
WLK_COM_DRV_DDIST,skm_d8_Ok.mtx.omx,DRIVEDIST,EV,,,
WLK_COM_DRV_WAUX,skm_d8_Ok.mtx.omx,WALKTIME,EV,,,
WLK_COM_DRV_IWAIT,skm_d8_Ok.mtx.omx,INITWAIT,EV,,,
WLK_COM_DRV_XWAIT,skm_d8_Ok.mtx.omx,XFERWAIT,EV,,,
WLK_COM_DRV_BOARDS,skm_d8_Ok.mtx.omx,BOARDINGS,EV,,,
WLK_COM_WLK_WAIT,skm_w8_Ok.mtx.omx,INITWAIT+XFERWAIT,EV,,,
WLK_COM_WLK_TOTIVT,skm_w8_Ok.mtx.omx,T8+DRIVETIME,EV,,,
WLK_COM_WLK_KEYIVT,skm_w8_Ok.mtx.omx,T8,EV,,,
WLK_COM_WLK_FAR,skm_w8_Ok.mtx.omx,XFARE,EV,,,
WLK_COM_WLK_WAUX,skm_w8_Ok.mtx.omx,WALKTIME,EV,,,
WLK_COM_WLK_IWAIT,skm_w8_Ok.mtx.omx,INITWAIT,EV,,,
WLK_COM_WLK_XWAIT,skm_w8_Ok.mtx.omx,XFERWAIT,EV,,,
WLK_COM_WLK_BOARDS,skm_w8_Ok.mtx.omx,BOARDINGS,EV,,,
WLK_EXP_DRV_WAIT,skm_d6_Ok.mtx.omx,INITWAIT+XFERWAIT,EV,,,
WLK_EXP_DRV_TOTIVT,skm_d6_Ok.mtx.omx,T6+DRIVETIME,EV,,,
WLK_EXP_DRV_KEYIVT,skm_d6_Ok.mtx.omx,T6,EV,,,
WLK_EXP_DRV_FAR,skm_d6_Ok.mtx.omx,XFARE,EV,,,
WLK_EXP_DRV_DTIM,skm_d6_Ok.mtx.omx,DRIVETIME,EV,,,
WLK_EXP_DRV_WAUX,skm_d6_Ok.mtx.omx,DRIVEDIST,EV,,,
WLK_EXP_DRV_IWAIT,skm_d6_Ok.mtx.omx,WALKTIME,EV,,,
WLK_EXP_DRV_XWAIT,skm_d6_Ok.mtx.omx,INITWAIT,EV,,,
WLK_EXP_DRV_BOARDS,skm_d6_Ok.mtx.omx,XFERWAIT,EV,,,
WLK_EXP_DRV_DDIST,skm_d6_Ok.mtx.omx,BOARDINGS,EV,,,
WLK_EXP_WLK_WAIT,skm_w6_Ok.mtx.omx,INITWAIT+XFERWAIT,EV,,,
WLK_EXP_WLK_TOTIVT,skm_w6_Ok.mtx.omx,T6+DRIVETIME,EV,,,
WLK_EXP_WLK_KEYIVT,skm_w6_Ok.mtx.omx,T6,EV,,,
WLK_EXP_WLK_FAR,skm_w6_Ok.mtx.omx,XFARE,EV,,,
WLK_EXP_WLK_WAUX,skm_w6_Ok.mtx.omx,WALKTIME,EV,,,
WLK_EXP_WLK_IWAIT,skm_w6_Ok.mtx.omx,INITWAIT,EV,,,
WLK_EXP_WLK_XWAIT,skm_w6_Ok.mtx.omx,XFERWAIT,EV,,,
WLK_EXP_WLK_BOARDS,skm_w6_Ok.mtx.omx,BOARDINGS,EV,,,
WLK_HVY_DRV_WAIT,skm_d9_Ok.mtx.omx,INITWAIT+XFERWAIT,EV,,,
WLK_HVY_DRV_TOTIVT,skm_d9_Ok.mtx.omx,T9+DRIVETIME,EV,,,
WLK_HVY_DRV_KEYIVT,skm_d9_Ok.mtx.omx,T9,EV,,,
WLK_HVY_DRV_FAR,skm_d9_Ok.mtx.omx,XFARE,EV,,,
WLK_HVY_DRV_DTIM,skm_d9_Ok.mtx.omx,DRIVETIME,EV,,,
WLK_HVY_DRV_DDIST,skm_d9_Ok.mtx.omx,DRIVEDIST,EV,,,
WLK_HVY_DRV_WAUX,skm_d9_Ok.mtx.omx,WALKTIME,EV,,,
WLK_HVY_DRV_IWAIT,skm_d9_Ok.mtx.omx,INITWAIT,EV,,,
WLK_HVY_DRV_XWAIT,skm_d9_Ok.mtx.omx,XFERWAIT,EV,,,
WLK_HVY_DRV_BOARDS,skm_d9_Ok.mtx.omx,BOARDINGS,EV,,,
WLK_HVY_WLK_WAIT,skm_w9_Ok.mtx.omx,INITWAIT+XFERWAIT,EV,,,
WLK_HVY_WLK_TOTIVT,skm_w9_Ok.mtx.omx,T9+DRIVETIME,EV,,,
WLK_HVY_WLK_KEYIVT,skm_w9_Ok.mtx.omx,T9,EV,,,
WLK_HVY_WLK_FAR,skm_w9_Ok.mtx.omx,XFARE,EV,,,
WLK_HVY_WLK_WAUX,skm_w9_Ok.mtx.omx,WALKTIME,EV,,,
WLK_HVY_WLK_IWAIT,skm_w9_Ok.mtx.omx,INITWAIT,EV,,,
WLK_HVY_WLK_XWAIT,skm_w9_Ok.mtx.omx,XFERWAIT,EV,,,
WLK_HVY_WLK_BOARDS,skm_w9_Ok.mtx.omx,BOARDINGS,EV,,,
WLK_LOC_DRV_WAIT,skm_d4_Ok.mtx.omx,INITWAIT+XFERWAIT,EV,,,
WLK_LOC_DRV_TOTIVT,skm_d4_Ok.mtx.omx,T4+DRIVETIME,EV,,,
WLK_LOC_DRV_KEYIVT,skm_d4_Ok.mtx.omx,T4,EV,,,
WLK_LOC_DRV_FAR,skm_d4_Ok.mtx.omx,XFARE,EV,,,
WLK_LOC_DRV_DTIM,skm_d4_Ok.mtx.omx,DRIVETIME,EV,,,
WLK_LOC_DRV_DDIST,skm_d4_Ok.mtx.omx,DRIVEDIST,EV,,,
WLK_LOC_DRV_WAUX,skm_d4_Ok.mtx.omx,WALKTIME,EV,,,
WLK_LOC_DRV_IWAIT,skm_d4_Ok.mtx.omx,INITWAIT,EV,,,
WLK_LOC_DRV_XWAIT,skm_d4_Ok.mtx.omx,XFERWAIT,EV,,,
WLK_LOC_DRV_BOARDS,skm_d4_Ok.mtx.omx,BOARDINGS,EV,,,
WLK_LOC_WLK_WAIT,skm_w4_Ok.mtx.omx,INITWAIT+XFERWAIT,EV,,,
WLK_LOC_WLK_TOTIVT,skm_w4_Ok.mtx.omx,T4+DRIVETIME,EV,,,
WLK_LOC_WLK_KEYIVT,skm_w4_Ok.mtx.omx,T4,EV,,,
WLK_LOC_WLK_FAR,skm_w4_Ok.mtx.omx,XFARE,EV,,,
WLK_LOC_WLK_WAUX,skm_w4_Ok.mtx.omx,WALKTIME,EV,,,
WLK_LOC_WLK_IWAIT,skm_w4_Ok.mtx.omx,INITWAIT,EV,,,
WLK_LOC_WLK_XWAIT,skm_w4_Ok.mtx.omx,XFERWAIT,EV,,,
WLK_LOC_WLK_BOARDS,skm_w4_Ok.mtx.omx,BOARDINGS,EV,,,
WLK_LRF_DRV_WAIT,skm_d4_Ok.mtx.omx,INITWAIT+XFERWAIT,EV,,,
WLK_LRF_DRV_TOTIVT,skm_d7_Ok.mtx.omx,T7+DRIVETIME,EV,,,
WLK_LRF_DRV_KEYIVT,skm_d7_Ok.mtx.omx,T7,EV,,,
WLK_LRF_DRV_FAR,skm_d7_Ok.mtx.omx,XFARE,EV,,,
WLK_LRF_DRV_DTIM,skm_d7_Ok.mtx.omx,DRIVETIME,EV,,,
WLK_LRF_DRV_DDIST,skm_d7_Ok.mtx.omx,DRIVEDIST,EV,,,
WLK_LRF_DRV_WAUX,skm_d7_Ok.mtx.omx,WALKTIME,EV,,,
WLK_LRF_DRV_IWAIT,skm_d7_Ok.mtx.omx,INITWAIT,EV,,,
WLK_LRF_DRV_XWAIT,skm_d7_Ok.mtx.omx,XFERWAIT,EV,,,
WLK_LRF_DRV_BOARDS,skm_d7_Ok.mtx.omx,BOARDINGS,EV,,,
WLK_LRF_WLK_WAIT,skm_w7_Ok.mtx.omx,INITWAIT+XFERWAIT,EV,,,
WLK_LRF_WLK_TOTIVT,skm_w7_Ok.mtx.omx,T7+DRIVETIME,EV,,,
WLK_LRF_WLK_KEYIVT,skm_w7_Ok.mtx.omx,T7,EV,,,
WLK_LRF_WLK_FAR,skm_w7_Ok.mtx.omx,XFARE,EV,,,
WLK_LRF_WLK_WAUX,skm_w7_Ok.mtx.omx,WALKTIME,EV,,,
WLK_LRF_WLK_IWAIT,skm_w7_Ok.mtx.omx,INITWAIT,EV,,,
WLK_LRF_WLK_XWAIT,skm_w7_Ok.mtx.omx,XFERWAIT,EV,,,
WLK_LRF_WLK_BOARDS,skm_w7_Ok.mtx.omx,BOARDINGS,EV,,,
DRV_COM_WLK_WAIT,skm_d8_Ok.mtx.omx,INITWAIT+XFERWAIT,MD,,,
DRV_COM_WLK_TOTIVT,skm_d8_Ok.mtx.omx,T8+DRIVETIME,MD,,,
DRV_COM_WLK_KEYIVT,skm_d8_Ok.mtx.omx,T8,MD,,,
DRV_COM_WLK_FAR,skm_d8_Ok.mtx.omx,XFARE,MD,,,
DRV_COM_WLK_DTIM,skm_d8_Ok.mtx.omx,DRIVETIME,MD,,,
DRV_COM_WLK_DDIST,skm_d8_Ok.mtx.omx,DRIVEDIST,MD,,,
DRV_COM_WLK_WAUX,skm_d8_Ok.mtx.omx,WALKTIME,MD,,,
DRV_COM_WLK_IWAIT,skm_d8_Ok.mtx.omx,INITWAIT,MD,,,
DRV_COM_WLK_XWAIT,skm_d8_Ok.mtx.omx,XFERWAIT,MD,,,
DRV_COM_WLK_BOARDS,skm_d8_Ok.mtx.omx,BOARDINGS,MD,,,
DRV_EXP_WLK_WAIT,skm_d6_Ok.mtx.omx,INITWAIT+XFERWAIT,MD,,,
DRV_EXP_WLK_TOTIVT,skm_d6_Ok.mtx.omx,T6+DRIVETIME,MD,,,
DRV_EXP_WLK_KEYIVT,skm_d6_Ok.mtx.omx,T6,MD,,,
DRV_EXP_WLK_FAR,skm_d6_Ok.mtx.omx,XFARE,MD,,,
DRV_EXP_WLK_DTIM,skm_d6_Ok.mtx.omx,DRIVETIME,MD,,,
DRV_EXP_WLK_WAUX,skm_d6_Ok.mtx.omx,DRIVEDIST,MD,,,
DRV_EXP_WLK_IWAIT,skm_d6_Ok.mtx.omx,WALKTIME,MD,,,
DRV_EXP_WLK_XWAIT,skm_d6_Ok.mtx.omx,INITWAIT,MD,,,
DRV_EXP_WLK_BOARDS,skm_d6_Ok.mtx.omx,XFERWAIT,MD,,,
DRV_EXP_WLK_DDIST,skm_d6_Ok.mtx.omx,BOARDINGS,MD,,,
DRV_HVY_WLK_WAIT,skm_d9_Ok.mtx.omx,INITWAIT+XFERWAIT,MD,,,
DRV_HVY_WLK_TOTIVT,skm_d9_Ok.mtx.omx,T9+DRIVETIME,MD,,,
DRV_HVY_WLK_KEYIVT,skm_d9_Ok.mtx.omx,T9,MD,,,
DRV_HVY_WLK_FAR,skm_d9_Ok.mtx.omx,XFARE,MD,,,
DRV_HVY_WLK_DTIM,skm_d9_Ok.mtx.omx,DRIVETIME,MD,,,
DRV_HVY_WLK_DDIST,skm_d9_Ok.mtx.omx,DRIVEDIST,MD,,,
DRV_HVY_WLK_WAUX,skm_d9_Ok.mtx.omx,WALKTIME,MD,,,
DRV_HVY_WLK_IWAIT,skm_d9_Ok.mtx.omx,INITWAIT,MD,,,
DRV_HVY_WLK_XWAIT,skm_d9_Ok.mtx.omx,XFERWAIT,MD,,,
DRV_HVY_WLK_BOARDS,skm_d9_Ok.mtx.omx,BOARDINGS,MD,,,
DRV_LOC_WLK_WAIT,skm_d4_Ok.mtx.omx,INITWAIT+XFERWAIT,MD,,,
DRV_LOC_WLK_TOTIVT,skm_d4_Ok.mtx.omx,T4+DRIVETIME,MD,,,
DRV_LOC_WLK_KEYIVT,skm_d4_Ok.mtx.omx,T4,MD,,,
DRV_LOC_WLK_FAR,skm_d4_Ok.mtx.omx,XFARE,MD,,,
DRV_LOC_WLK_DTIM,skm_d4_Ok.mtx.omx,DRIVETIME,MD,,,
DRV_LOC_WLK_DDIST,skm_d4_Ok.mtx.omx,DRIVEDIST,MD,,,
DRV_LOC_WLK_WAUX,skm_d4_Ok.mtx.omx,WALKTIME,MD,,,
DRV_LOC_WLK_IWAIT,skm_d4_Ok.mtx.omx,INITWAIT,MD,,,
DRV_LOC_WLK_XWAIT,skm_d4_Ok.mtx.omx,XFERWAIT,MD,,,
DRV_LOC_WLK_BOARDS,skm_d4_Ok.mtx.omx,BOARDINGS,MD,,,
DRV_LRF_WLK_WAIT,skm_d7_Ok.mtx.omx,INITWAIT+XFERWAIT,MD,,,
DRV_LRF_WLK_TOTIVT,skm_d7_Ok.mtx.omx,T7+DRIVETIME,MD,,,
DRV_LRF_WLK_KEYIVT,skm_d7_Ok.mtx.omx,T7,MD,,,
DRV_LRF_WLK_FAR,skm_d7_Ok.mtx.omx,XFARE,MD,,,
DRV_LRF_WLK_DTIM,skm_d7_Ok.mtx.omx,DRIVETIME,MD,,,
DRV_LRF_WLK_DDIST,skm_d7_Ok.mtx.omx,DRIVEDIST,MD,,,
DRV_LRF_WLK_WAUX,skm_d7_Ok.mtx.omx,WALKTIME,MD,,,
DRV_LRF_WLK_IWAIT,skm_d7_Ok.mtx.omx,INITWAIT,MD,,,
DRV_LRF_WLK_XWAIT,skm_d7_Ok.mtx.omx,XFERWAIT,MD,,,
DRV_LRF_WLK_BOARDS,skm_d7_Ok.mtx.omx,BOARDINGS,MD,,,
WLK_COM_DRV_WAIT,skm_d8_Ok.mtx.omx,INITWAIT+XFERWAIT,MD,,,
WLK_COM_DRV_TOTIVT,skm_d8_Ok.mtx.omx,T8+DRIVETIME,MD,,,
WLK_COM_DRV_KEYIVT,skm_d8_Ok.mtx.omx,T8,MD,,,
WLK_COM_DRV_FAR,skm_d8_Ok.mtx.omx,XFARE,MD,,,
WLK_COM_DRV_DTIM,skm_d8_Ok.mtx.omx,DRIVETIME,MD,,,
WLK_COM_DRV_DDIST,skm_d8_Ok.mtx.omx,DRIVEDIST,MD,,,
WLK_COM_DRV_WAUX,skm_d8_Ok.mtx.omx,WALKTIME,MD,,,
WLK_COM_DRV_IWAIT,skm_d8_Ok.mtx.omx,INITWAIT,MD,,,
WLK_COM_DRV_XWAIT,skm_d8_Ok.mtx.omx,XFERWAIT,MD,,,
WLK_COM_DRV_BOARDS,skm_d8_Ok.mtx.omx,BOARDINGS,MD,,,
WLK_COM_WLK_WAIT,skm_w8_Ok.mtx.omx,INITWAIT+XFERWAIT,MD,,,
WLK_COM_WLK_TOTIVT,skm_w8_Ok.mtx.omx,T8+DRIVETIME,MD,,,
WLK_COM_WLK_KEYIVT,skm_w8_Ok.mtx.omx,T8,MD,,,
WLK_COM_WLK_FAR,skm_w8_Ok.mtx.omx,XFARE,MD,,,
WLK_COM_WLK_WAUX,skm_w8_Ok.mtx.omx,WALKTIME,MD,,,
WLK_COM_WLK_IWAIT,skm_w8_Ok.mtx.omx,INITWAIT,MD,,,
WLK_COM_WLK_XWAIT,skm_w8_Ok.mtx.omx,XFERWAIT,MD,,,
WLK_COM_WLK_BOARDS,skm_w8_Ok.mtx.omx,BOARDINGS,MD,,,
WLK_EXP_DRV_WAIT,skm_d6_Ok.mtx.omx,INITWAIT+XFERWAIT,MD,,,
WLK_EXP_DRV_TOTIVT,skm_d6_Ok.mtx.omx,T6+DRIVETIME,MD,,,
WLK_EXP_DRV_KEYIVT,skm_d6_Ok.mtx.omx,T6,MD,,,
WLK_EXP_DRV_FAR,skm_d6_Ok.mtx.omx,XFARE,MD,,,
WLK_EXP_DRV_DTIM,skm_d6_Ok.mtx.omx,DRIVETIME,MD,,,
WLK_EXP_DRV_WAUX,skm_d6_Ok.mtx.omx,DRIVEDIST,MD,,,
WLK_EXP_DRV_IWAIT,skm_d6_Ok.mtx.omx,WALKTIME,MD,,,
WLK_EXP_DRV_XWAIT,skm_d6_Ok.mtx.omx,INITWAIT,MD,,,
WLK_EXP_DRV_BOARDS,skm_d6_Ok.mtx.omx,XFERWAIT,MD,,,
WLK_EXP_DRV_DDIST,skm_d6_Ok.mtx.omx,BOARDINGS,MD,,,
WLK_EXP_WLK_WAIT,skm_w6_Ok.mtx.omx,INITWAIT+XFERWAIT,MD,,,
WLK_EXP_WLK_TOTIVT,skm_w6_Ok.mtx.omx,T6+DRIVETIME,MD,,,
WLK_EXP_WLK_KEYIVT,skm_w6_Ok.mtx.omx,T6,MD,,,
WLK_EXP_WLK_FAR,skm_w6_Ok.mtx.omx,XFARE,MD,,,
WLK_EXP_WLK_WAUX,skm_w6_Ok.mtx.omx,WALKTIME,MD,,,
WLK_EXP_WLK_IWAIT,skm_w6_Ok.mtx.omx,INITWAIT,MD,,,
WLK_EXP_WLK_XWAIT,skm_w6_Ok.mtx.omx,XFERWAIT,MD,,,
WLK_EXP_WLK_BOARDS,skm_w6_Ok.mtx.omx,BOARDINGS,MD,,,
WLK_HVY_DRV_WAIT,skm_d9_Ok.mtx.omx,INITWAIT+XFERWAIT,MD,,,
WLK_HVY_DRV_TOTIVT,skm_d9_Ok.mtx.omx,T9+DRIVETIME,MD,,,
WLK_HVY_DRV_KEYIVT,skm_d9_Ok.mtx.omx,T9,MD,,,
WLK_HVY_DRV_FAR,skm_d9_Ok.mtx.omx,XFARE,MD,,,
WLK_HVY_DRV_DTIM,skm_d9_Ok.mtx.omx,DRIVETIME,MD,,,
WLK_HVY_DRV_DDIST,skm_d9_Ok.mtx.omx,DRIVEDIST,MD,,,
WLK_HVY_DRV_WAUX,skm_d9_Ok.mtx.omx,WALKTIME,MD,,,
WLK_HVY_DRV_IWAIT,skm_d9_Ok.mtx.omx,INITWAIT,MD,,,
WLK_HVY_DRV_XWAIT,skm_d9_Ok.mtx.omx,XFERWAIT,MD,,,
WLK_HVY_DRV_BOARDS,skm_d9_Ok.mtx.omx,BOARDINGS,MD,,,
WLK_HVY_WLK_WAIT,skm_w9_Ok.mtx.omx,INITWAIT+XFERWAIT,MD,,,
WLK_HVY_WLK_TOTIVT,skm_w9_Ok.mtx.omx,T9+DRIVETIME,MD,,,
WLK_HVY_WLK_KEYIVT,skm_w9_Ok.mtx.omx,T9,MD,,,
WLK_HVY_WLK_FAR,skm_w9_Ok.mtx.omx,XFARE,MD,,,
WLK_HVY_WLK_WAUX,skm_w9_Ok.mtx.omx,WALKTIME,MD,,,
WLK_HVY_WLK_IWAIT,skm_w9_Ok.mtx.omx,INITWAIT,MD,,,
WLK_HVY_WLK_XWAIT,skm_w9_Ok.mtx.omx,XFERWAIT,MD,,,
WLK_HVY_WLK_BOARDS,skm_w9_Ok.mtx.omx,BOARDINGS,MD,,,
WLK_LOC_DRV_WAIT,skm_d4_Ok.mtx.omx,INITWAIT+XFERWAIT,MD,,,
WLK_LOC_DRV_TOTIVT,skm_d4_Ok.mtx.omx,T4+DRIVETIME,MD,,,
WLK_LOC_DRV_KEYIVT,skm_d4_Ok.mtx.omx,T4,MD,,,
WLK_LOC_DRV_FAR,skm_d4_Ok.mtx.omx,XFARE,MD,,,
WLK_LOC_DRV_DTIM,skm_d4_Ok.mtx.omx,DRIVETIME,MD,,,
WLK_LOC_DRV_DDIST,skm_d4_Ok.mtx.omx,DRIVEDIST,MD,,,
WLK_LOC_DRV_WAUX,skm_d4_Ok.mtx.omx,WALKTIME,MD,,,
WLK_LOC_DRV_IWAIT,skm_d4_Ok.mtx.omx,INITWAIT,MD,,,
WLK_LOC_DRV_XWAIT,skm_d4_Ok.mtx.omx,XFERWAIT,MD,,,
WLK_LOC_DRV_BOARDS,skm_d4_Ok.mtx.omx,BOARDINGS,MD,,,
WLK_LOC_WLK_WAIT,skm_w4_Ok.mtx.omx,INITWAIT+XFERWAIT,MD,,,
WLK_LOC_WLK_TOTIVT,skm_w4_Ok.mtx.omx,T4+DRIVETIME,MD,,,
WLK_LOC_WLK_KEYIVT,skm_w4_Ok.mtx.omx,T4,MD,,,
WLK_LOC_WLK_FAR,skm_w4_Ok.mtx.omx,XFARE,MD,,,
WLK_LOC_WLK_WAUX,skm_w4_Ok.mtx.omx,WALKTIME,MD,,,
WLK_LOC_WLK_IWAIT,skm_w4_Ok.mtx.omx,INITWAIT,MD,,,
WLK_LOC_WLK_XWAIT,skm_w4_Ok.mtx.omx,XFERWAIT,MD,,,
WLK_LOC_WLK_BOARDS,skm_w4_Ok.mtx.omx,BOARDINGS,MD,,,
WLK_LRF_DRV_WAIT,skm_d4_Ok.mtx.omx,INITWAIT+XFERWAIT,MD,,,
WLK_LRF_DRV_TOTIVT,skm_d7_Ok.mtx.omx,T7+DRIVETIME,MD,,,
WLK_LRF_DRV_KEYIVT,skm_d7_Ok.mtx.omx,T7,MD,,,
WLK_LRF_DRV_FAR,skm_d7_Ok.mtx.omx,XFARE,MD,,,
WLK_LRF_DRV_DTIM,skm_d7_Ok.mtx.omx,DRIVETIME,MD,,,
WLK_LRF_DRV_DDIST,skm_d7_Ok.mtx.omx,DRIVEDIST,MD,,,
WLK_LRF_DRV_WAUX,skm_d7_Ok.mtx.omx,WALKTIME,MD,,,
WLK_LRF_DRV_IWAIT,skm_d7_Ok.mtx.omx,INITWAIT,MD,,,
WLK_LRF_DRV_XWAIT,skm_d7_Ok.mtx.omx,XFERWAIT,MD,,,
WLK_LRF_DRV_BOARDS,skm_d7_Ok.mtx.omx,BOARDINGS,MD,,,
WLK_LRF_WLK_WAIT,skm_w7_Ok.mtx.omx,INITWAIT+XFERWAIT,MD,,,
WLK_LRF_WLK_TOTIVT,skm_w7_Ok.mtx.omx,T7+DRIVETIME,MD,,,
WLK_LRF_WLK_KEYIVT,skm_w7_Ok.mtx.omx,T7,MD,,,
WLK_LRF_WLK_FAR,skm_w7_Ok.mtx.omx,XFARE,MD,,,
WLK_LRF_WLK_WAUX,skm_w7_Ok.mtx.omx,WALKTIME,MD,,,
WLK_LRF_WLK_IWAIT,skm_w7_Ok.mtx.omx,INITWAIT,MD,,,
WLK_LRF_WLK_XWAIT,skm_w7_Ok.mtx.omx,XFERWAIT,MD,,,
WLK_LRF_WLK_BOARDS,skm_w7_Ok.mtx.omx,BOARDINGS,MD,,,
DRV_COM_WLK_WAIT,skm_d8_Pk.mtx.omx,INITWAIT+XFERWAIT,PM,,,
DRV_COM_WLK_TOTIVT,skm_d8_Pk.mtx.omx,T8+DRIVETIME,PM,,,
DRV_COM_WLK_KEYIVT,skm_d8_Pk.mtx.omx,T8,PM,,,
DRV_COM_WLK_FAR,skm_d8_Pk.mtx.omx,XFARE,PM,,,
DRV_COM_WLK_DTIM,skm_d8_Pk.mtx.omx,DRIVETIME,PM,,,
DRV_COM_WLK_DDIST,skm_d8_Pk.mtx.omx,DRIVEDIST,PM,,,
DRV_COM_WLK_WAUX,skm_d8_Pk.mtx.omx,WALKTIME,PM,,,
DRV_COM_WLK_IWAIT,skm_d8_Pk.mtx.omx,INITWAIT,PM,,,
DRV_COM_WLK_XWAIT,skm_d8_Pk.mtx.omx,XFERWAIT,PM,,,
DRV_COM_WLK_BOARDS,skm_d8_Pk.mtx.omx,BOARDINGS,PM,,,
DRV_EXP_WLK_WAIT,skm_d6_Pk.mtx.omx,INITWAIT+XFERWAIT,PM,,,
DRV_EXP_WLK_TOTIVT,skm_d6_Pk.mtx.omx,T6+DRIVETIME,PM,,,
DRV_EXP_WLK_KEYIVT,skm_d6_Pk.mtx.omx,T6,PM,,,
DRV_EXP_WLK_FAR,skm_d6_Pk.mtx.omx,XFARE,PM,,,
DRV_EXP_WLK_DTIM,skm_d6_Pk.mtx.omx,DRIVETIME,PM,,,
DRV_EXP_WLK_WAUX,skm_d6_Pk.mtx.omx,DRIVEDIST,PM,,,
DRV_EXP_WLK_IWAIT,skm_d6_Pk.mtx.omx,WALKTIME,PM,,,
DRV_EXP_WLK_XWAIT,skm_d6_Pk.mtx.omx,INITWAIT,PM,,,
DRV_EXP_WLK_BOARDS,skm_d6_Pk.mtx.omx,XFERWAIT,PM,,,
DRV_EXP_WLK_DDIST,skm_d6_Pk.mtx.omx,BOARDINGS,PM,,,
DRV_HVY_WLK_WAIT,skm_d9_Pk.mtx.omx,INITWAIT+XFERWAIT,PM,,,
DRV_HVY_WLK_TOTIVT,skm_d9_Pk.mtx.omx,T9+DRIVETIME,PM,,,
DRV_HVY_WLK_KEYIVT,skm_d9_Pk.mtx.omx,T9,PM,,,
DRV_HVY_WLK_FAR,skm_d9_Pk.mtx.omx,XFARE,PM,,,
DRV_HVY_WLK_DTIM,skm_d9_Pk.mtx.omx,DRIVETIME,PM,,,
DRV_HVY_WLK_DDIST,skm_d9_Pk.mtx.omx,DRIVEDIST,PM,,,
DRV_HVY_WLK_WAUX,skm_d9_Pk.mtx.omx,WALKTIME,PM,,,
DRV_HVY_WLK_IWAIT,skm_d9_Pk.mtx.omx,INITWAIT,PM,,,
DRV_HVY_WLK_XWAIT,skm_d9_Pk.mtx.omx,XFERWAIT,PM,,,
DRV_HVY_WLK_BOARDS,skm_d9_Pk.mtx.omx,BOARDINGS,PM,,,
DRV_LOC_WLK_WAIT,skm_d4_Pk.mtx.omx,INITWAIT+XFERWAIT,PM,,,
DRV_LOC_WLK_TOTIVT,skm_d4_Pk.mtx.omx,T4+DRIVETIME,PM,,,
DRV_LOC_WLK_KEYIVT,skm_d4_Pk.mtx.omx,T4,PM,,,
DRV_LOC_WLK_FAR,skm_d4_Pk.mtx.omx,XFARE,PM,,,
DRV_LOC_WLK_DTIM,skm_d4_Pk.mtx.omx,DRIVETIME,PM,,,
DRV_LOC_WLK_DDIST,skm_d4_Pk.mtx.omx,DRIVEDIST,PM,,,
DRV_LOC_WLK_WAUX,skm_d4_Pk.mtx.omx,WALKTIME,PM,,,
DRV_LOC_WLK_IWAIT,skm_d4_Pk.mtx.omx,INITWAIT,PM,,,
DRV_LOC_WLK_XWAIT,skm_d4_Pk.mtx.omx,XFERWAIT,PM,,,
DRV_LOC_WLK_BOARDS,skm_d4_Pk.mtx.omx,BOARDINGS,PM,,,
DRV_LRF_WLK_WAIT,skm_d7_Pk.mtx.omx,INITWAIT+XFERWAIT,PM,,,
DRV_LRF_WLK_TOTIVT,skm_d7_Pk.mtx.omx,T7+DRIVETIME,PM,,,
DRV_LRF_WLK_KEYIVT,skm_d7_Pk.mtx.omx,T7,PM,,,
DRV_LRF_WLK_FAR,skm_d7_Pk.mtx.omx,XFARE,PM,,,
DRV_LRF_WLK_DTIM,skm_d7_Pk.mtx.omx,DRIVETIME,PM,,,
DRV_LRF_WLK_DDIST,skm_d7_Pk.mtx.omx,DRIVEDIST,PM,,,
DRV_LRF_WLK_WAUX,skm_d7_Pk.mtx.omx,WALKTIME,PM,,,
DRV_LRF_WLK_IWAIT,skm_d7_Pk.mtx.omx,INITWAIT,PM,,,
DRV_LRF_WLK_XWAIT,skm_d7_Pk.mtx.omx,XFERWAIT,PM,,,
DRV_LRF_WLK_BOARDS,skm_d7_Pk.mtx.omx,BOARDINGS,PM,,,
WLK_COM_DRV_WAIT,skm_d8_Pk.mtx.omx,INITWAIT+XFERWAIT,PM,,,
WLK_COM_DRV_TOTIVT,skm_d8_Pk.mtx.omx,T8+DRIVETIME,PM,,,
WLK_COM_DRV_KEYIVT,skm_d8_Pk.mtx.omx,T8,PM,,,
WLK_COM_DRV_FAR,skm_d8_Pk.mtx.omx,XFARE,PM,,,
WLK_COM_DRV_DTIM,skm_d8_Pk.mtx.omx,DRIVETIME,PM,,,
WLK_COM_DRV_DDIST,skm_d8_Pk.mtx.omx,DRIVEDIST,PM,,,
WLK_COM_DRV_WAUX,skm_d8_Pk.mtx.omx,WALKTIME,PM,,,
WLK_COM_DRV_IWAIT,skm_d8_Pk.mtx.omx,INITWAIT,PM,,,
WLK_COM_DRV_XWAIT,skm_d8_Pk.mtx.omx,XFERWAIT,PM,,,
WLK_COM_DRV_BOARDS,skm_d8_Pk.mtx.omx,BOARDINGS,PM,,,
WLK_COM_WLK_WAIT,skm_w8_Pk.mtx.omx,INITWAIT+XFERWAIT,PM,,,
WLK_COM_WLK_TOTIVT,skm_w8_Pk.mtx.omx,T8+DRIVETIME,PM,,,
WLK_COM_WLK_KEYIVT,skm_w8_Pk.mtx.omx,T8,PM,,,
WLK_COM_WLK_FAR,skm_w8_Pk.mtx.omx,XFARE,PM,,,
WLK_COM_WLK_WAUX,skm_w8_Pk.mtx.omx,WALKTIME,PM,,,
WLK_COM_WLK_IWAIT,skm_w8_Pk.mtx.omx,INITWAIT,PM,,,
WLK_COM_WLK_XWAIT,skm_w8_Pk.mtx.omx,XFERWAIT,PM,,,
WLK_COM_WLK_BOARDS,skm_w8_Pk.mtx.omx,BOARDINGS,PM,,,
WLK_EXP_DRV_WAIT,skm_d6_Pk.mtx.omx,INITWAIT+XFERWAIT,PM,,,
WLK_EXP_DRV_TOTIVT,skm_d6_Pk.mtx.omx,T6+DRIVETIME,PM,,,
WLK_EXP_DRV_KEYIVT,skm_d6_Pk.mtx.omx,T6,PM,,,
WLK_EXP_DRV_FAR,skm_d6_Pk.mtx.omx,XFARE,PM,,,
WLK_EXP_DRV_DTIM,skm_d6_Pk.mtx.omx,DRIVETIME,PM,,,
WLK_EXP_DRV_WAUX,skm_d6_Pk.mtx.omx,DRIVEDIST,PM,,,
WLK_EXP_DRV_IWAIT,skm_d6_Pk.mtx.omx,WALKTIME,PM,,,
WLK_EXP_DRV_XWAIT,skm_d6_Pk.mtx.omx,INITWAIT,PM,,,
WLK_EXP_DRV_BOARDS,skm_d6_Pk.mtx.omx,XFERWAIT,PM,,,
WLK_EXP_DRV_DDIST,skm_d6_Pk.mtx.omx,BOARDINGS,PM,,,
WLK_EXP_WLK_WAIT,skm_w6_Pk.mtx.omx,INITWAIT+XFERWAIT,PM,,,
WLK_EXP_WLK_TOTIVT,skm_w6_Pk.mtx.omx,T6+DRIVETIME,PM,,,
WLK_EXP_WLK_KEYIVT,skm_w6_Pk.mtx.omx,T6,PM,,,
WLK_EXP_WLK_FAR,skm_w6_Pk.mtx.omx,XFARE,PM,,,
WLK_EXP_WLK_WAUX,skm_w6_Pk.mtx.omx,WALKTIME,PM,,,
WLK_EXP_WLK_IWAIT,skm_w6_Pk.mtx.omx,INITWAIT,PM,,,
WLK_EXP_WLK_XWAIT,skm_w6_Pk.mtx.omx,XFERWAIT,PM,,,
WLK_EXP_WLK_BOARDS,skm_w6_Pk.mtx.omx,BOARDINGS,PM,,,
WLK_HVY_DRV_WAIT,skm_d9_Pk.mtx.omx,INITWAIT+XFERWAIT,PM,,,
WLK_HVY_DRV_TOTIVT,skm_d9_Pk.mtx.omx,T9+DRIVETIME,PM,,,
WLK_HVY_DRV_KEYIVT,skm_d9_Pk.mtx.omx,T9,PM,,,
WLK_HVY_DRV_FAR,skm_d9_Pk.mtx.omx,XFARE,PM,,,
WLK_HVY_DRV_DTIM,skm_d9_Pk.mtx.omx,DRIVETIME,PM,,,
WLK_HVY_DRV_DDIST,skm_d9_Pk.mtx.omx,DRIVEDIST,PM,,,
WLK_HVY_DRV_WAUX,skm_d9_Pk.mtx.omx,WALKTIME,PM,,,
WLK_HVY_DRV_IWAIT,skm_d9_Pk.mtx.omx,INITWAIT,PM,,,
WLK_HVY_DRV_XWAIT,skm_d9_Pk.mtx.omx,XFERWAIT,PM,,,
WLK_HVY_DRV_BOARDS,skm_d9_Pk.mtx.omx,BOARDINGS,PM,,,
WLK_HVY_WLK_WAIT,skm_w9_Pk.mtx.omx,INITWAIT+XFERWAIT,PM,,,
WLK_HVY_WLK_TOTIVT,skm_w9_Pk.mtx.omx,T9+DRIVETIME,PM,,,
WLK_HVY_WLK_KEYIVT,skm_w9_Pk.mtx.omx,T9,PM,,,
WLK_HVY_WLK_FAR,skm_w9_Pk.mtx.omx,XFARE,PM,,,
WLK_HVY_WLK_WAUX,skm_w9_Pk.mtx.omx,WALKTIME,PM,,,
WLK_HVY_WLK_IWAIT,skm_w9_Pk.mtx.omx,INITWAIT,PM,,,
WLK_HVY_WLK_XWAIT,skm_w9_Pk.mtx.omx,XFERWAIT,PM,,,
WLK_HVY_WLK_BOARDS,skm_w9_Pk.mtx.omx,BOARDINGS,PM,,,
WLK_LOC_DRV_WAIT,skm_d4_Pk.mtx.omx,INITWAIT+XFERWAIT,PM,,,
WLK_LOC_DRV_TOTIVT,skm_d4_Pk.mtx.omx,T4+DRIVETIME,PM,,,
WLK_LOC_DRV_KEYIVT,skm_d4_Pk.mtx.omx,T4,PM,,,
WLK_LOC_DRV_FAR,skm_d4_Pk.mtx.omx,XFARE,PM,,,
WLK_LOC_DRV_DTIM,skm_d4_Pk.mtx.omx,DRIVETIME,PM,,,
WLK_LOC_DRV_DDIST,skm_d4_Pk.mtx.omx,DRIVEDIST,PM,,,
WLK_LOC_DRV_WAUX,skm_d4_Pk.mtx.omx,WALKTIME,PM,,,
WLK_LOC_DRV_IWAIT,skm_d4_Pk.mtx.omx,INITWAIT,PM,,,
WLK_LOC_DRV_XWAIT,skm_d4_Pk.mtx.omx,XFERWAIT,PM,,,
WLK_LOC_DRV_BOARDS,skm_d4_Pk.mtx.omx,BOARDINGS,PM,,,
WLK_LOC_WLK_WAIT,skm_w4_Pk.mtx.omx,INITWAIT+XFERWAIT,PM,,,
WLK_LOC_WLK_TOTIVT,skm_w4_Pk.mtx.omx,T4+DRIVETIME,PM,,,
WLK_LOC_WLK_KEYIVT,skm_w4_Pk.mtx.omx,T4,PM,,,
WLK_LOC_WLK_FAR,skm_w4_Pk.mtx.omx,XFARE,PM,,,
WLK_LOC_WLK_WAUX,skm_w4_Pk.mtx.omx,WALKTIME,PM,,,
WLK_LOC_WLK_IWAIT,skm_w4_Pk.mtx.omx,INITWAIT,PM,,,
WLK_LOC_WLK_XWAIT,skm_w4_Pk.mtx.omx,XFERWAIT,PM,,,
WLK_LOC_WLK_BOARDS,skm_w4_Pk.mtx.omx,BOARDINGS,PM,,,
WLK_LRF_DRV_WAIT,skm_d4_Pk.mtx.omx,INITWAIT+XFERWAIT,PM,,,
WLK_LRF_DRV_TOTIVT,skm_d7_Pk.mtx.omx,T7+DRIVETIME,PM,,,
WLK_LRF_DRV_KEYIVT,skm_d7_Pk.mtx.omx,T7,PM,,,
WLK_LRF_DRV_FAR,skm_d7_Pk.mtx.omx,XFARE,PM,,,
WLK_LRF_DRV_DTIM,skm_d7_Pk.mtx.omx,DRIVETIME,PM,,,
WLK_LRF_DRV_DDIST,skm_d7_Pk.mtx.omx,DRIVEDIST,PM,,,
WLK_LRF_DRV_WAUX,skm_d7_Pk.mtx.omx,WALKTIME,PM,,,
WLK_LRF_DRV_IWAIT,skm_d7_Pk.mtx.omx,INITWAIT,PM,,,
WLK_LRF_DRV_XWAIT,skm_d7_Pk.mtx.omx,XFERWAIT,PM,,,
WLK_LRF_DRV_BOARDS,skm_d7_Pk.mtx.omx,BOARDINGS,PM,,,
WLK_LRF_WLK_WAIT,skm_w7_Pk.mtx.omx,INITWAIT+XFERWAIT,PM,,,
WLK_LRF_WLK_TOTIVT,skm_w7_Pk.mtx.omx,T7+DRIVETIME,PM,,,
WLK_LRF_WLK_KEYIVT,skm_w7_Pk.mtx.omx,T7,PM,,,
WLK_LRF_WLK_FAR,skm_w7_Pk.mtx.omx,XFARE,PM,,,
WLK_LRF_WLK_WAUX,skm_w7_Pk.mtx.omx,WALKTIME,PM,,,
WLK_LRF_WLK_IWAIT,skm_w7_Pk.mtx.omx,INITWAIT,PM,,,
WLK_LRF_WLK_XWAIT,skm_w7_Pk.mtx.omx,XFERWAIT,PM,,,
WLK_LRF_WLK_BOARDS,skm_w7_Pk.mtx.omx,BOARDINGS,PM,,,
WLK_TRN_WLK_IVT,skm_w4_Pk.mtx.omx,INITWAIT+XFERWAIT,AM,,,
WLK_TRN_WLK_IWAIT,skm_w4_Pk.mtx.omx,T4+DRIVETIME,AM,,,
WLK_TRN_WLK_XWAIT,skm_w4_Pk.mtx.omx,T4,AM,,,
WLK_TRN_WLK_WACC,skm_w4_Pk.mtx.omx,WALKTIME,AM,,,
WLK_TRN_WLK_WAUX,skm_auto_Pk.mtx.omx,Fee_Tol_DA,AM,leave as zero until we know what it is,,
WLK_TRN_WLK_WEGR,skm_w4_Pk.mtx.omx,INITWAIT,AM,,,
WLK_TRN_WLK_IVT,skm_w4_Ok.mtx.omx,INITWAIT+XFERWAIT,MD,,,
WLK_TRN_WLK_IWAIT,skm_w4_Ok.mtx.omx,T4+DRIVETIME,MD,,,
WLK_TRN_WLK_XWAIT,skm_w4_Ok.mtx.omx,T4,MD,,,
WLK_TRN_WLK_WACC,skm_w4_Ok.mtx.omx,WALKTIME,MD,,,
WLK_TRN_WLK_WAUX,skm_auto_Ok.mtx.omx,Fee_Tol_DA,MD,,,
WLK_TRN_WLK_WEGR,skm_w4_Ok.mtx.omx,INITWAIT,MD,,,
WLK_TRN_WLK_IVT,skm_w4_Pk.mtx.omx,INITWAIT+XFERWAIT,PM,,,
WLK_TRN_WLK_IWAIT,skm_w4_Pk.mtx.omx,T4+DRIVETIME,PM,,,
WLK_TRN_WLK_XWAIT,skm_w4_Pk.mtx.omx,T4,PM,,,
WLK_TRN_WLK_WACC,skm_w4_Pk.mtx.omx,WALKTIME,PM,,,
WLK_TRN_WLK_WAUX,skm_auto_Pk.mtx.omx,Fee_Tol_DA,PM,,,
WLK_TRN_WLK_WEGR,skm_w4_Pk.mtx.omx,INITWAIT,PM,,,
